{
  "id": "mordenkainen-presents-monsters-of-the-multiverse",
  "title": "Mordenkainen Presents: Monsters of the Multiverse",
  "version": "1.0.0",
  "manifest": "https://github.com/strangos/mmom/tree/main/mmom.json",
  "download": "https://github.com/strangos/mmom/tree/main/mmom.zip",
  "compatibility": {
    "minimum": "13",
    "verified": "13"
  },
  "flags": {
    "canUpload": true
  },
  "packs": [
    {
      "name": "pack-1",
      "label": "Journals",
      "path": "packs/pack-1",
      "type": "JournalEntry",
      "system": "dnd5e",
      "ownership": {
        "PLAYER": "OBSERVER",
        "ASSISTANT": "OWNER"
      }
    },
    {
      "name": "pack-2",
      "label": "Actors",
      "path": "packs/pack-2",
      "type": "Actor",
      "system": "dnd5e",
      "ownership": {
        "PLAYER": "OBSERVER",
        "ASSISTANT": "OWNER"
      }
    },
    {
      "name": "pack-3",
      "label": "Scenes",
      "path": "packs/pack-3",
      "type": "Scene",
      "system": "dnd5e",
      "ownership": {
        "PLAYER": "OBSERVER",
        "ASSISTANT": "OWNER"
      }
    },
    {
      "name": "pack-4",
      "label": "Items",
      "path": "packs/pack-4",
      "type": "Item",
      "ownership": {
        "PLAYER": "OBSERVER",
        "ASSISTANT": "OWNER"
      },
      "system": "dnd5e"
    }
  ],
  "relationships": {
    "systems": [
      {
        "id": "dnd5e",
        "type": "system",
        "compatibility": {}
      }
    ]
  },
  "description": ""
}
